Method,ARI,NMI
K-Means,0.5732349841938883,0.7211350764551916
Hierarchical,0.5732349841938883,0.7211350764551916
